{
    "Name": "result 20",
    "CumulativeReward": 21.32781219482422,
    "RoofArea": 1266.390625,
    "TargetReachCount": 6,
    "RedundantAction": 165,
    "Height": 16.87199592590332
}