{
    "Name": "result 21",
    "CumulativeReward": 87.03317260742188,
    "RoofArea": 1351.6588134765625,
    "TargetReachCount": 7,
    "RedundantAction": 171,
    "Height": 16.872726440429689
}