{
    "Name": "result 12",
    "CumulativeReward": 34.67682647705078,
    "RoofArea": 1933.84130859375,
    "TargetReachCount": 12,
    "RedundantAction": 98,
    "Height": 12.653999328613282
}