{
    "Name": "result 5",
    "CumulativeReward": 18.80982780456543,
    "RoofArea": 1140.491455078125,
    "TargetReachCount": 2,
    "RedundantAction": 94,
    "Height": 21.089998245239259
}