{
    "Name": "result 18",
    "CumulativeReward": 5.228912353515625,
    "RoofArea": 1461.4456787109375,
    "TargetReachCount": 2,
    "RedundantAction": 2,
    "Height": 10.544999122619629
}