{
    "Name": "result 10",
    "CumulativeReward": 19.305728912353517,
    "RoofArea": 1165.2864990234375,
    "TargetReachCount": 2,
    "RedundantAction": 141,
    "Height": 12.65472412109375
}