{
    "Name": "result 15",
    "CumulativeReward": 12.298969268798829,
    "RoofArea": 1814.948486328125,
    "TargetReachCount": 4,
    "RedundantAction": 2,
    "Height": 10.54499626159668
}