{
    "Name": "result 13",
    "CumulativeReward": -18.468957901000978,
    "RoofArea": 1276.5521240234375,
    "TargetReachCount": 6,
    "RedundantAction": 2,
    "Height": 6.326999664306641
}