{
    "Name": "result 14",
    "CumulativeReward": -4.721645355224609,
    "RoofArea": 963.917724609375,
    "TargetReachCount": 4,
    "RedundantAction": 2,
    "Height": 8.435997009277344
}