{
    "Name": "result 1",
    "CumulativeReward": 41.16090774536133,
    "RoofArea": 2258.04541015625,
    "TargetReachCount": 13,
    "RedundantAction": 140,
    "Height": 14.76300048828125
}