{
    "Name": "result 11",
    "CumulativeReward": 28.30545425415039,
    "RoofArea": 1615.272705078125,
    "TargetReachCount": 13,
    "RedundantAction": 184,
    "Height": 23.198989868164064
}