{
    "Name": "result 4",
    "CumulativeReward": 74.3789291381836,
    "RoofArea": 1118.946533203125,
    "TargetReachCount": 3,
    "RedundantAction": 137,
    "Height": 14.76445198059082
}