{
    "Name": "result 19",
    "CumulativeReward": 22.721092224121095,
    "RoofArea": 1336.0546875,
    "TargetReachCount": 10,
    "RedundantAction": 136,
    "Height": 14.7629976272583
}