{
    "Name": "result 6",
    "CumulativeReward": 27.210405349731447,
    "RoofArea": 1560.520263671875,
    "TargetReachCount": 4,
    "RedundantAction": 123,
    "Height": 12.653271675109864
}