{
    "Name": "result 16",
    "CumulativeReward": -25.454347610473634,
    "RoofArea": 927.2825927734375,
    "TargetReachCount": 7,
    "RedundantAction": 2,
    "Height": 10.54499626159668
}