{
    "Name": "result",
    "CumulativeReward": 25.24761199951172,
    "RoofArea": 1462.380615234375,
    "TargetReachCount": 6,
    "RedundantAction": 128,
    "Height": 12.654001235961914
}