{
    "Name": "result 17",
    "CumulativeReward": 22.27614974975586,
    "RoofArea": 1413.8074951171875,
    "TargetReachCount": 14,
    "RedundantAction": 136,
    "Height": 10.546452522277832
}