{
    "Name": "result 7",
    "CumulativeReward": 12.373159408569336,
    "RoofArea": 818.6580200195313,
    "TargetReachCount": 7,
    "RedundantAction": 198,
    "Height": 12.653270721435547
}