{
    "Name": "result 3",
    "CumulativeReward": 114.58663940429688,
    "RoofArea": 2529.332275390625,
    "TargetReachCount": 9,
    "RedundantAction": 139,
    "Height": 10.545001029968262
}