{
    "Name": "result 2",
    "CumulativeReward": 25.255685806274415,
    "RoofArea": 1462.7843017578125,
    "TargetReachCount": 16,
    "RedundantAction": 180,
    "Height": 12.653999328613282
}