{
    "Name": "result 8",
    "CumulativeReward": 5.229667663574219,
    "RoofArea": 461.4833984375,
    "TargetReachCount": 4,
    "RedundantAction": 149,
    "Height": 25.309452056884767
}